Id,Category
images/1128022.jpg,
images/1194025.jpg,
images/1211042.jpg,
images/1255046.jpg,
images/1279015.jpg,
images/1406034.jpg,
images/1414095.jpg,
images/1612017.jpg,
images/1616045.jpg,
images/1834014.jpg,
images/1863028.jpg,
images/1963029.jpg,
images/2033014.jpg,
images/2124025.jpg,
images/2257024.jpg,
images/2321023.jpg,
images/2520020.jpg,
images/2569015.jpg,
images/2583015.jpg,
images/2593011.jpg,
images/2766023.jpg,
images/2835026.jpg,
images/2860014.jpg,
images/2881034.jpg,
images/2897019.jpg,
images/3009018.jpg,
images/3127038.jpg,
images/3369014.jpg,
images/3375021.jpg,
images/3426020.jpg,
images/3458026.jpg,
images/3499020.jpg,
images/3522016.jpg,
images/3565018.jpg,
images/3585044.jpg,
images/3747038.jpg,
images/3778031.jpg,
images/3812024.jpg,
images/3820031.jpg,
images/3837038.jpg,
images/3841020.jpg,
images/3955027.jpg,
images/4005026.jpg,
images/4049016.jpg,
images/4118016.jpg,
images/4277039.jpg,
images/4318014.jpg,
images/4320022.jpg,
images/4414041.jpg,
images/4580039.jpg,
images/4961015.jpg,
images/5010051.jpg,
images/5026012.jpg,
images/5045020.jpg,
images/5121011.jpg,
images/5183017.jpg,
images/5219016.jpg,
images/5293018.jpg,
images/5419018.jpg,
images/5523035.jpg,
images/5623023.jpg,
images/5675023.jpg,
images/5687019.jpg,
images/5839013.jpg,
images/5878016.jpg,
images/5937041.jpg,
images/6051013.jpg,
images/6071012.jpg,
images/6493053.jpg,
images/6520030.jpg,
images/6578017.jpg,
images/6929012.jpg,
images/7073029.jpg,
images/7083017.jpg,
images/7121051.jpg,
images/7127034.jpg,
images/7165018.jpg,
images/7203019.jpg,
images/7223019.jpg,
images/7403024.jpg,
images/7410026.jpg,
images/7419018.jpg,
images/7458016.jpg,
images/7488053.jpg,
images/7565017.jpg,
images/7583012.jpg,
images/7623022.jpg,
images/7629016.jpg,
images/7742017.jpg,
images/7771014.jpg,
images/7815071.jpg,
images/7824023.jpg,
images/7976014.jpg,
images/8058012.jpg,
images/8181045.jpg,
images/8199036.jpg,
images/8219020.jpg,
images/8362015.jpg,
images/8801015.jpg,
images/8996053.jpg,
